{
  "products": [
    {
      "name": "seven",
      "category": "pen",
      "cost": 700,
      "id": 1
    },
    {
      "id": 2,
      "name": "Second",
      "category": "Electronics",
      "cost": 900
    },
    {
      "id": 3,
      "name": "Third",
      "category": "Games",
      "cost": 400
    },
    {
      "id": 4,
      "name": "Fourth",
      "category": "Music",
      "cost": 200
    },
    {
      "name": "six",
      "category": "qwe",
      "cost": 200,
      "id": 6
    }
  ]
}